priority,tier,company,team,why_fit,opening_angle
1,Tier 1,OpenAI,B2B Connectors Platform,"Integrations control plane, enterprise reliability, security, scale","Use RustMemoDB for one connector workflow service where retries, audits, and generated contracts matter."
2,Tier 1,OpenAI,ChatGPT Engineering Backend,"Large-scale product backend, reliability, operational rigor","Pilot a bounded workflow surface where domain methods can generate a cleaner API contract."
3,Tier 1,OpenAI,Codex App backend/runtime integration,"Rust service boundary, long-running tasks, orchestration, observability","Show how command workflows and typed views can reduce glue around local services and runtime orchestration."
4,Tier 1,Anthropic,Claude Developer Platform API Core,"API reliability, productizing frontier models, operational discipline","Pilot a product-facing API slice where replay, audits, and clean command surfaces matter immediately."
5,Tier 1,Anthropic,Claude Developer Platform API Capabilities,"Tool use, agents, long-running task execution","Use a 7-day pilot to model one capability surface as commands plus typed views instead of custom glue."
6,Tier 1,Cursor,Infrastructure,"Highly available backend systems, retrieval, distributed infra","Start with one workflow-heavy internal service that needs clearer command semantics and operational visibility."
7,Tier 1,Cursor,ML Infrastructure,"Model-serving infrastructure and agentic backend workflows","Pilot one backend slice that benefits from replay-safe commands and generated operational surfaces."
8,Tier 1,Vercel,AI SDK,"Agent and AI-native developer workflows, APIs, retries, attachments","Show how a bounded Rust backend service can stay product-shaped while growing richer workflow behavior."
9,Tier 1,Cloudflare,Workers AI,"AI inference control plane, observability, low-latency global services","Pilot one internal or customer-facing workflow service with strong command semantics and typed read models."
10,Tier 1,LangChain,LangSmith Deployment,"Long-running, stateful agent deployment and management","Model one deployment or control-plane slice as generated commands, audits, and views from one domain model."
11,Tier 2,OpenAI,B2B Applications Backend,"Enterprise product backend with platform and safety constraints","A first slice could replace hand-built application workflow glue with domain-first generated APIs."
12,Tier 2,OpenAI,Knowledge Innovation,"Knowledge systems, automation, internal agents, backend services","Pilot one knowledge workflow where command semantics and typed projections matter more than generic CRUD."
13,Tier 2,Anthropic,Product Foundations,"Core sampling, rate limiting, RAG platform, shared primitives","Identify one product-facing platform slice that currently needs too much custom orchestration and glue."
14,Tier 2,Anthropic,Claude Services,"Shared backend systems for Claude product experiences","Use one bounded service to prove faster evolution of command surfaces, audits, and read models."
15,Tier 2,Anthropic,Product Platform,"Shared product capabilities across Claude, API, and internal surfaces","Pilot one cross-product capability where generated contracts and typed views can keep drift low."
16,Tier 2,Cursor,Data Infrastructure,"Data services and backend reliability for developer workflows","Use a 7-day pilot for one stateful backend service with strong operational read models."
17,Tier 2,Cursor,Enterprise Engineering,"Enterprise backend surfaces, admin flows, integration-heavy product work","Show how a domain-first API surface can reduce boilerplate in enterprise settings."
18,Tier 2,Cursor,DevEx,"Tooling, docs, automation, developer-facing workflows","Start with an internal control-plane or workflow service that needs reliable commands and visible contracts."
19,Tier 2,Vercel,Platform Reliability and Resilience,"Operational platform core, observability, secrets, storage, gateways","Pilot one workflow-heavy platform service where replay safety and auditable command history would pay off."
20,Tier 2,Vercel,Developer Productivity,"Internal platform tooling and workflow acceleration","Use RustMemoDB where repeated backend scaffolding is slowing down internal product teams."
21,Tier 2,Vercel,AI Gateway,"Unified model routing, failover, observability, AI platform workflows","Pitch one bounded control-plane service with clearer domain modeling and built-in replay discipline."
22,Tier 2,Cloudflare,AI Cloud / Agents,"Agents SDK, MCP, AI gateway, stateful agent building blocks","Pilot one agent control-plane slice where commands, views, and audits should be first-class."
23,Tier 2,Cloudflare,Durable Objects,"Stateful compute with colocated storage and coordination","Position RustMemoDB as a faster way to build one workflow-heavy backend service, not as a direct platform replacement."
24,Tier 3,Baseten,Infrastructure,"AI inference infrastructure, scale, production reliability","Use the pilot for an internal control-plane workflow, not for the entire inference substrate."
25,Tier 3,Baseten,Enterprise Platform,"Enterprise customer workflows, provisioning, administration, reliability","A strong first slice is an enterprise control plane or operational backend with visible audits and views."
26,Tier 3,Baseten,Forward Deployed Engineering,"Embedded customer-facing delivery, rapid problem solving, infra abstraction","Offer a 7-day embedded-style pilot on one customer workflow service."
27,Tier 3,Modal,Inference,"AI execution platform, developer workflows, autoscaling operations","Start with a supporting workflow backend that needs less plumbing and better contract discipline."
28,Tier 3,Modal,Sandboxes,"Secure ephemeral environments, orchestration, control-plane behavior","This is a natural fit for a command-heavy backend slice with audits and typed operational views."
29,Tier 3,LangChain,LangSmith Observability,"Agent tracing, dashboards, alerts, visibility into behavior","Pitch one operational backend slice where typed views and command history are product features, not afterthoughts."
30,Tier 3,LangChain,LangSmith Deployment,"Long-running agent management and deployment workflows","Frame RustMemoDB as a way to make one deployment workflow cleaner and more reliable fast."
